,tote_id,batch,weight,gmc,color,size,location
0,0866,BCGD06,1830.0,B11674261,CW,10X30,Pregrinds
1,0500,BMI023,865.0,B11674261,CW,10X30,Zone B
2,0344,BCGD03,1800.0,B11674261,CW,10X30,Pregrinds
3,0361,BMI021,443.0,B11674261,CW,10X30,Zone B
4,0260,BCGD08,1804.0,B11674261,CW,10X30,Zone E
5,1009,BCGD05,1826.0,B11674261,CW,10X30,Pregrinds
6,0721,BCGD09,1802.0,B11674261,CW,10X30,Pregrinds
7,0130,BCGD07,1844.0,B11674261,CW,10X30,Pregrinds
8,0167,BMI024,1150.0,B11674261,CW,10X30,Zone B
9,1008,BCFB11,996.0,B11674261,CW,10X30,870-3
10,1153,BMI026,1114.0,B11674261,CW,10X30,Zone B
11,1374,BCGD10,1824.0,B11674261,CW,10X30,Pregrinds
12,1452,BCGD04,1829.0,B11674261,CW,10X30,Pregrinds
13,1461,BCGD12,1524.0,B11674261,CW,10X30,Pregrinds
14,0655,BAXW99,1764.0,B11674273,CW,20X50,Zone E
15,0411,BCFE94,687.0,B11674273,CW,20X50,870-5
16,0755,BCGJ26,1803.0,B11674288,CW,30X150,Zone C
17,0807,BCGJ23,1811.0,B11674288,CW,30X150,Zone C
18,0851,BCGA86,1745.0,B11674288,CW,30X150,940
19,1014,BCGJ31,1797.0,B11674288,CW,30X150,Zone C
20,0101,BCGF58,364.0,B11674288,CW,30X150,870-4
21,0242,BCGJ20,1810.0,B11674288,CW,30X150,Zone C
22,1090,BCGJ33,1372.0,B11674288,CW,30X150,Zone C
23,1106,BCGJ28,1800.0,B11674288,CW,30X150,Zone C
24,0030,BCGF39,1850.0,B11674309,CW,4X12,Zone B
25,0967,BCFS06,1842.0,B11674309,CW,4X12,Prep1
26,0587,BCFM10,1579.0,B11674309,CW,4X12,870-2
27,0767,BCGF36,1801.0,B11674309,CW,4X12,Zone B
28,0811,BCGF46,1820.0,B11674309,CW,4X12,Zone B
29,0199,BCGF48,1577.0,B11674309,CW,4X12,Zone B
30,1492,BCGF34,1800.0,B11674309,CW,4X12,Zone B
31,1440,BCGF31,1790.0,B11674309,CW,4X12,Zone B
32,1431,BCFS11,1850.0,B11674309,CW,4X12,Prep1
33,0560,BCFS10,1105.0,B11674309,CW,4X12,870-3
34,0746,BCGF43,1845.0,B11674309,CW,4X12,Zone B
35,0782,BCFS18,1768.0,B11674309,CW,4X12,870-1
36,0993,BCGF44,1809.0,B11674309,CW,4X12,Zone B
37,0889,BCGF42,1827.0,B11674309,CW,4X12,Zone B
38,0899,BCFM07,1023.0,B11674309,CW,4X12,870-3
39,0006,BCFS69,880.0,B11674312,CW,7X10,870-1
40,0820,BCFS78,1543.0,B11674312,CW,7X10,Prep1
41,0439,BCFS81,1523.0,B11674312,CW,7X10,Prep1
42,0501,B49574,831.0,B11674312,CW,7X10,Zone B
43,0892,B49572,922.0,B11674312,CW,7X10,Zone B
44,1495,BCFS77,1542.0,B11674312,CW,7X10,Prep1
45,1483,B49603,456.0,B11674312,CW,7X10,Zone B
46,0677,B49573,1050.0,B11674312,CW,7X10,Zone B
47,1484,BCFS63,1493.0,B11674312,CW,7X10,870-4
48,0624,BCFS59,1256.0,B11674312,CW,7X10,870-1
49,1524,BCGI55,1524.0,B11674312,CW,7X10,Zone B
50,0796,BCFS76,1509.0,B11674312,CW,7X10,Prep1
51,0523,BCFS74,1547.0,B11674312,CW,7X10,Prep1
52,0172,BCFS50,1816.0,B11674312,CW,7X10,Prep1
53,0493,B49575,1221.0,B11674312,CW,7X10,Zone B
54,0838,BCGB96,1532.0,B11674326,GW,10X30,870-1
55,0429,BCGB70,1832.0,B11674326,GW,10X30,940
56,0046,BCGB69,1829.0,B11674326,GW,10X30,940
57,1415,BCGH85,1830.0,B11674326,GW,10X30,Pregrinds
58,0754,BCGH83,1827.0,B11674326,GW,10X30,Pregrinds
59,1145,BCGH84,1800.0,B11674326,GW,10X30,Pregrinds
60,1472,BCGH89,725.0,B11674326,GW,10X30,Pregrinds
61,0588,BCGB99,1025.0,B11674326,GW,10X30,Drop for 870
62,0076,BCGB67,1815.0,B11674326,GW,10X30,940
63,1364,BCGH86,1825.0,B11674326,GW,10X30,Pregrinds
64,1120,BCGH87,1800.0,B11674326,GW,10X30,Pregrinds
65,0305,BCGB94,1218.0,B11674326,GW,10X30,870-1
66,0028,BCGH88,1830.0,B11674326,GW,10X30,Pregrinds
67,0407,BCGG33,1803.0,B11674336,GW,25X100,Pregrinds
68,0483,BCGG47,571.0,B11674336,GW,25X100,Zone B
69,0715,BCGG46,1832.0,B11674336,GW,25X100,Pregrinds
70,0457,BCGG37,1837.0,B11674336,GW,25X100,Pregrinds
71,0548,BCGC61,1831.0,B11674336,GW,25X100,Zone B
72,1126,BCGG30,1821.0,B11674336,GW,25X100,Drop for 870
73,1150,BCGG43,1850.0,B11674336,GW,25X100,Pregrinds
74,0138,BCGG39,1850.0,B11674336,GW,25X100,Pregrinds
75,0110,BCFR11,1751.0,B11674336,GW,25X100,Zone B
76,0697,BCGG40,1850.0,B11674336,GW,25X100,Pregrinds
77,1095,BCGC63,1815.0,B11674336,GW,25X100,Zone B
78,0014,BCGC64,1816.0,B11674336,GW,25X100,Drop for 870
79,0113,BCGG32,436.0,B11674336,GW,25X100,870-3
80,0455,BCGG44,1823.0,B11674336,GW,25X100,Pregrinds
81,0919,BCGG28,1812.0,B11674336,GW,25X100,Drop for 870
82,0370,BPT059,955.0,B11674345,GW,30X150,Drop for 870
83,0280,BPT055,996.0,B11674345,GW,30X150,Drop for 870
84,0007,BPT057,1290.0,B11674345,GW,30X150,Drop for 870
85,0922,BCFW78,1830.0,B11674345,GW,30X150,940
86,0481,BCFW73,1800.0,B11674345,GW,30X150,940
87,0914,BCFW77,1808.0,B11674345,GW,30X150,940
88,1124,BCFW72,1824.0,B11674345,GW,30X150,940
89,1135,BCFW74,800.0,B11674345,GW,30X150,870-2
90,1110,BCFW58,1846.0,B11674356,GW,4X12,870-5
91,0148,Bcfb50,1282.0,B11674356,GW,4X12,870-5
92,0983,BCFW57,1188.0,B11674356,GW,4X12,870-1
93,0716,BCGC24,1822.0,B11674363,GW,7X10,Drop for 870
94,0083,BCGC17,1802.0,B11674363,GW,7X10,Drop for 870
95,0898,BCGG23,1718.0,B11674363,GW,7X10,Drop for 870
96,0502,BCGC25,1844.0,B11674363,GW,7X10,Drop for 870
97,0938,BCGG26,1850.0,B11674363,GW,7X10,Drop for 870
98,1118,BCGG20,1743.0,B11674363,GW,7X10,Drop for 870
99,1451,BCGC12,1800.0,B11674363,GW,7X10,940
100,0145,BCGG25,1768.0,B11674363,GW,7X10,Drop for 870
101,0127,BCGC13,1800.0,B11674363,GW,7X10,940
102,0742,BCGC19,1819.0,B11674363,GW,7X10,Drop for 870
103,0663,BCGC23,1805.0,B11674363,GW,7X10,Drop for 870
104,0314,BCGC21,1807.0,B11674363,GW,7X10,Drop for 870
105,0433,BCGC31,1739.0,B11674363,GW,7X10,870-1
106,1360,BCGC37,1138.0,B11674363,GW,7X10,Drop for 870
107,0241,BCGC14,1825.0,B11674363,GW,7X10,940
108,0158,BCEJ83,587.0,B11674385,LR,4X12,870-5
109,1089,BCFY36,975.0,B11674392,MH,10X30,Zone B
110,1404,BCFY34,860.0,B11674392,MH,10X30,870-5
111,1356,BCFY32,1808.0,B11674392,MH,10X30,Zone B
112,0288,BCGF81,985.0,B11674408,MH,30X150,870-3
113,0495,BCFL02,413.0,B11674408,MH,30X150,Zone E
114,0272,BCGF59,1588.0,B11674414,MH,4X12,870-5
115,1038,BCGF52,1734.0,B11674414,MH,4X12,Zone B
116,0928,BCET58,1681.0,B11674414,MH,4X12,Zone E
117,0437,BCGF71,268.0,B11674422,MH,7X10,870-2
118,0904,BCFY28,1800.0,B11674422,MH,7X10,Zone B
119,0910,BCGF68,1824.0,B11674422,MH,7X10,Zone B
120,0232,BCGF69,1804.0,B11674422,MH,7X10,940
121,1411,BCGF70,1848.0,B11674422,MH,7X10,940
122,1080,BCFY26,1786.0,B11674422,MH,7X10,Zone B
123,0738,BCGE61,1265.0,B11674452,N3,30X150,870-3
124,0452,BCGJ25,665.0,B11674452,N3,30X150,940.4
125,0823,BCGJ22,1830.0,B11674452,N3,30X150,940.4
126,0683,BCGJ21,1812.0,B11674452,N3,30X150,940.4
127,0822,Bcfn41,1800.0,B11674462,N3,50X150,Zone A
128,1019,BCFN51,1024.0,B11674462,N3,50X150,870-3
129,1394,BCET39,1800.0,B11674462,N3,50X150,Zone A
130,0671,BCGF16,564.0,B11674482,SS,10X30,870-3
131,0576,BCFP74,1609.0,B11674503,SS,30X150,Zone A
132,0944,BCGF22,1433.0,B11674503,SS,30X150,870-1
133,0557,BCFP44,1753.0,B11674529,SS,4X12,Zone A
134,0717,BCFP47,1782.0,B11674529,SS,4X12,Jaco Grinding
135,1480,BCFP43,478.0,B11674529,SS,4X12,870-3
136,0223,BCFP40,1721.0,B11674529,SS,4X12,Zone A
137,1002,BCFP45,1740.0,B11674529,SS,4X12,Zone A
138,1004,BCFP48,1770.0,B11674529,SS,4X12,Zone A
139,1481,BCGE72,1503.0,B11674529,SS,4X12,870-5
140,0416,BCGE80,1823.0,B11674530,SS,7X10,Zone A
141,0534,BCGE83,552.0,B11674530,SS,7X10,870-3
142,0108,BCFX06,812.0,B11674548,W2,10X30,940
143,0611,BCCT51,1845.0,B11674548,W2,10X30,Dirty Totes
144,0081,BCCT52,1204.0,B11674548,W2,10X30,870-5
145,0170,BCBR24,1903.0,B11674548,W2,10X30,Dirty Totes
146,0834,BCEH55,853.0,B11674566,W2,30X150,870-2
147,0859,Bcdv61,1659.0,B11674566,W2,30X150,Dirty Totes
148,0380,Bcfb98,382.0,B11674566,W2,30X150,Zone C
149,0227,BBZF91,1359.0,B11674566,W2,30X150,Zone C
150,0405,BCAO37,1584.0,B11674566,W2,30X150,Zone C
151,1429,Bcfb94,1512.0,B11674566,W2,30X150,870-5
152,0793,Bcfc65,376.0,B11674580,W2,7X10,870-1
153,0556,BCGD15,1845.0,B11674580,W2,7X10,Zone D
154,1402,BCGD16,1829.0,B11674580,W2,7X10,Zone D
155,0645,BCGD20,954.0,B11674580,W2,7X10,Zone D
156,1423,BCFR90,1228.0,B11674606,YL,30X150,Drop for 870
157,0468,BCFR18,1844.0,B11674606,YL,30X150,Drop for 870
158,0825,BCFR15,1033.0,B11674606,YL,30X150,870-1
159,0692,BCFR04,251.0,B11674618,YL,50X150,870-4
160,1184,BCFR12,814.0,B11674618,YL,50X150,Drop for 870
161,1108,BCFX82,1745.0,B11675986,AR,10X30,Drop for 870
162,0652,BCFO18,1828.0,B11675986,AR,10X30,870-5
163,0594,BCFX87,1850.0,B11675986,AR,10X30,Drop for 870
164,1156,BCFX83,1752.0,B11675986,AR,10X30,Drop for 870
165,0179,BCFX85,1773.0,B11675986,AR,10X30,Drop for 870
166,1435,BCFX88,1840.0,B11675986,AR,10X30,Drop for 870
167,0446,BCFZ99,1350.0,B11675999,AR,30X150,870-3
168,0204,BCGA01,347.0,B11675999,AR,30X150,Drop for 870
169,1049,BCFX58,1821.0,B11676001,AR,4X12,Zone E
170,0134,BCFX67,1788.0,B11676001,AR,4X12,Zone E
171,0112,BCFX64,634.0,B11676001,AR,4X12,870-2
172,0187,BCFX60,1837.0,B11676001,AR,4X12,Zone E
173,0162,BCFX62,1803.0,B11676001,AR,4X12,Zone E
174,0965,BCFX59,1832.0,B11676001,AR,4X12,Zone E
175,1017,BCFX57,1814.0,B11676001,AR,4X12,Zone E
176,0095,BCFX75,1744.0,B11676017,AR,7X10,Zone E
177,0868,BCFX77,1810.0,B11676017,AR,7X10,Drop for 870
178,0906,BCFX70,1800.0,B11676017,AR,7X10,Zone E
179,0563,BCFX76,1748.0,B11676017,AR,7X10,Zone E
180,1453,BCEK30,1083.0,B11676017,AR,7X10,870-2
181,0246,BCFX72,1814.0,B11676017,AR,7X10,Zone E
182,0388,BCFZ60,1842.0,B11676023,B2,10X30,Zone C
183,1420,BCFZ56,1850.0,B11676023,B2,10X30,Zone C
184,1043,BCEU52,120.0,B11676023,B2,10X30,870-2
185,0961,BCFZ62,1836.0,B11676023,B2,10X30,Zone C
186,0084,BCFZ58,1833.0,B11676023,B2,10X30,Zone C
187,0473,BCGI29,1631.0,B11676044,B2,30X150,940
188,0564,BCGI20,1820.0,B11676044,B2,30X150,940
189,0000,BCFP78,160.0,B11676044,B2,30X150,870-4
190,1400,BCGI21,1817.0,B11676044,B2,30X150,940
191,0675,BCFP75,1563.0,B11676057,B2,50X150,870-3
192,0618,BCFZ54,582.0,B11676069,B2,7X10,Zone C
193,1455,BCFZ46,1714.0,B11676069,B2,7X10,870-2
194,1384,BCGI32,1635.0,B11676084,B3,30X150,940
195,0243,BCGI30,507.0,B11676084,B3,30X150,870-1
196,0786,BCGJ52,1816.0,B11676093,B5,30X150,Empty Drop Zone
197,0585,BCGJ44,1834.0,B11676093,B5,30X150,Empty Drop Zone
198,0879,BCFZ91,1478.0,B11676093,B5,30X150,940
199,0093,BCFZ89,1446.0,B11676093,B5,30X150,940
200,0467,BCGJ50,1800.0,B11676093,B5,30X150,Empty Drop Zone
201,0511,BCGJ47,1848.0,B11676093,B5,30X150,Empty Drop Zone
202,0287,BCGJ38,1818.0,B11676104,B5,7X10,Empty Drop Zone
203,0237,BCFZ82,537.0,B11676104,B5,7X10,940
204,0592,BCGJ35,1806.0,B11676104,B5,7X10,Empty Drop Zone
205,0950,BADY96,173.0,B11676126,BA,30X150,940
206,0785,BCGC94,1760.0,B11676148,BN,10X30,Zone D
207,1155,BCGC97,1837.0,B11676148,BN,10X30,940
208,0186,BBWK28,1615.0,B11676178,BN,7X10,Zone E
209,0728,BCFD73,1800.0,B11676200,BQ,7X10,Zone D
210,0335,BCFZ61,1240.0,B11676200,BQ,7X10,870-3
211,0458,BCGF77,1850.0,B11676219,BR,10X30,940.4
212,1474,BCGF75,246.0,B11676219,BR,10X30,870-5
213,1199,BCGF76,1850.0,B11676219,BR,10X30,940.4
214,0771,BCGA95,1753.0,B11676229,BR,20X50,870-5
215,0079,BCGA96,1060.0,B11676229,BR,20X50,Zone E
216,0794,BCFR19,1831.0,B11676238,BR,30X150,940
217,0978,BCGF80,1805.0,B11676238,BR,30X150,Dirty Totes
218,1060,BCGF82,353.0,B11676238,BR,30X150,Dirty Totes
219,1051,BCFR23,1357.0,B11676238,BR,30X150,870-1
220,0890,BCGF79,1777.0,B11676238,BR,30X150,Dirty Totes
221,1170,BBZM69,882.0,B11676249,BR,50X150,Zone E
222,0128,BBYF51,621.0,B11676256,BR,7X10,870-5
223,0254,BCEC02,1195.0,B11676261,CB,10X30,870-2
224,1037,BBWF57,1112.0,B11676271,CB,30X150,Zone E
225,1025,BCFQ43,1770.0,B11676291,CN,10X30,870-1
226,0509,BCFQ75,1823.0,B11676308,CN,25X100,Zone E
227,0833,BCGF93,1832.0,B11676308,CN,25X100,Zone E
228,0888,BCFQ83,766.0,B11676308,CN,25X100,870-4
229,0070,BCGF94,1850.0,B11676308,CN,25X100,Zone E
230,1176,BCFQ79,1811.0,B11676308,CN,25X100,Zone E
231,0202,BCGF91,1183.0,B11676308,CN,25X100,870-2
232,0097,BCGF87,1795.0,B11676324,CN,4X12,Zone E
233,0862,BCGF86,625.0,B11676324,CN,4X12,870-5
234,0346,BCGF88,1328.0,B11676339,CN,7X10,870-4
235,0311,BBMZ17,1404.0,B11676339,CN,7X10,Zone E
236,0003,BBMB01,1596.0,B11676350,EV,30X150,940
237,0685,BCGF41,1551.0,B11676364,EV,4X12,Zone D
238,0213,Bcfl95,1485.0,B11676364,EV,4X12,940.4
239,0425,Bcex68,1551.0,B11676364,EV,4X12,870-2
240,0878,BCGF37,1800.0,B11676364,EV,4X12,Zone D
241,0876,BCGF28,1531.0,B11676364,EV,4X12,870-3
242,1107,BCGF45,1384.0,B11676375,EV,7X10,870-1
243,1132,BCGF47,1734.0,B11676375,EV,7X10,Zone D
244,0317,BCFZ35,1564.0,B11676381,G5,30X150,870-3
245,0286,BCGG74,1840.0,B11676401,G6,10X30,Zone D
246,0386,BCGB35,557.0,B11676401,G6,10X30,870-4
247,0764,BCGB36,1846.0,B11676401,G6,10X30,940
248,0276,BCGB33,1828.0,B11676401,G6,10X30,Zone D
249,0230,BCGG75,1815.0,B11676401,G6,10X30,Zone D
250,0454,BCGB42,1811.0,B11676417,G6,25X100,940
251,0688,BCGB40,1800.0,B11676417,G6,25X100,940
252,0632,BCGB45,1826.0,B11676417,G6,25X100,Zone C
253,0034,BCFJ15,1661.0,B11676417,G6,25X100,870-2
254,0690,BCGB43,1818.0,B11676417,G6,25X100,940
255,0063,BCGB38,1850.0,B11676417,G6,25X100,940
256,0168,BCGB39,1845.0,B11676417,G6,25X100,940
257,1001,BCGG76,1801.0,B11676417,G6,25X100,Zone D
258,0077,BCGB46,1800.0,B11676417,G6,25X100,Zone C
259,0154,BCGB41,1820.0,B11676417,G6,25X100,940
260,1380,BCEX35,1165.0,B11676417,G6,25X100,870-1
261,1140,BCGB37,1841.0,B11676417,G6,25X100,940
262,0966,BCGG77,1813.0,B11676417,G6,25X100,Zone D
263,0023,BCGI12,1804.0,B11676423,G6,30X150,Zone C
264,0679,BCGI10,1821.0,B11676423,G6,30X150,Zone C
265,0684,BCGI18,688.0,B11676423,G6,30X150,870-2
266,0018,BCGI07,1813.0,B11676423,G6,30X150,Zone C
267,1109,BCGI06,1821.0,B11676423,G6,30X150,Zone C
268,0734,BCFZ93,877.0,B11676431,G6,4X12,Zone D
269,1027,Bcfh82,776.0,B11676431,G6,4X12,940
270,0567,BCFZ98,1822.0,B11676444,G6,7X10,940
271,0568,BCFJ01,358.0,B11676444,G6,7X10,870-2
272,1075,BBIL27,377.0,B11676457,L3,30X150,870-2
273,0049,BCEX78,413.0,B11676469,L3,50X150,870-3
274,0302,B67748,1700.0,B11676474,MN,10X30,Zone A
275,0349,B67749,332.0,B11676474,MN,10X30,870-1
276,0396,BCGA92,1733.0,B11676484,MN,20X50,Zone A
277,0008,BCGA87,1820.0,B11676484,MN,20X50,Zone A
278,1091,BCGA91,1806.0,B11676484,MN,20X50,Zone A
279,0907,BCGA90,1802.0,B11676484,MN,20X50,Zone A
280,1035,BCGA89,1803.0,B11676484,MN,20X50,Zone A
281,1396,BCGA88,1818.0,B11676484,MN,20X50,Zone A
282,0733,Bcfp27,1820.0,B11676493,MN,25X100,940.4
283,0815,BCEP07,1295.0,B11676493,MN,25X100,870-5
284,0058,Bcfp25,1814.0,B11676493,MN,25X100,Zone A
285,0580,Bcfp29,1800.0,B11676493,MN,25X100,Zone A
286,0020,BCGJ29,1271.0,B11676504,MN,30X150,870-1
287,1013,BCGJ30,1834.0,B11676504,MN,30X150,940.4
288,1053,Bcey59,1371.0,B11676504,MN,30X150,870-4
289,0126,BCGJ34,890.0,B11676504,MN,30X150,940
290,1143,BCGJ32,1806.0,B11676504,MN,30X150,940
291,0915,BBYT93,965.0,B11676526,MN,7X10,870-5
292,0055,BBRQ31,632.0,B11676764,P2,50X150,Jaco Grinding
293,0169,BCEA53,1746.0,B11676799,RD,30X150,940
294,1058,BBXH15,555.0,B11676799,RD,30X150,870-2
295,0531,BCEX65,642.0,B11676831,W3,30X150,870-3
296,0527,BCEX63,1817.0,B11676831,W3,30X150,940
297,1042,B59126,1356.0,B11676831,W3,30X150,870-3
298,0893,B59062,1609.0,B11676831,W3,30X150,940
299,0133,BCCO88,958.0,B11676844,W3,50X150,870-2
300,1369,Bcev72,251.0,B11677851,BN,25X100,870-1
301,0261,BCFJ69,1315.0,B11702120,B4,20X50,940
302,0321,BCFJ66,1145.0,B11702120,B4,20X50,870-5
303,1093,Bcfj77,1505.0,B11702120,B4,20X50,Zone C
304,1152,BEX072,947.0,B11702135,B4,30X150,940
305,0924,BEX077,1705.0,B11702135,B4,30X150,870-4
306,0190,BEX066,1398.0,B11702135,B4,30X150,870-5
307,0940,B29363,1669.0,B11702143,BL,30X150,870-3
308,0373,BBGS24,1002.0,B11702176,G4,30X150,870-3
309,0650,BCEH62,1237.0,B11702922,FP,4X12,870-5
310,0593,BCFV88,1834.0,B11702931,FP,7X10,870-4
311,1082,BCFE70,919.0,B11702931,FP,7X10,940
312,0436,BCFV99,1526.0,B11702942,FP,10X30,870-5
313,0368,BCFW46,1689.0,B11702942,FP,10X30,940.4
314,0917,BCGB32,1463.0,B11743992,MP,30X150,870-2
315,1057,BcfF99,1247.0,B11743992,MP,30X150,Drop for 870
316,1496,BCEK35,900.0,B11744027,BC,4X12,940
317,1371,BBYH12,1050.0,B11750006,AD,30X150,870-4
318,0647,BBnx39,891.0,B11750062,AZ,10X30,870-2
319,1010,BCFZ78,1466.0,B11750122,BF,4X12,940
320,0554,BCFY12,1669.0,B11750141,BU,4X12,870-2
321,0725,BCFY13,896.0,B11750141,BU,4X12,870-5
322,1059,BCGI97,214.0,B11750173,BZ,7X10,Zone B
323,1061,BCGI96,1402.0,B11750173,BZ,7X10,870-2
324,0920,BCFD86,440.0,B11750199,CC,4X12,870-1
325,1102,BCFY81,1850.0,B11750199,CC,4X12,Zone C
326,0427,BCGC11,1509.0,B11750218,FN,4X12,940
327,1171,BCGC09,587.0,B11750218,FN,4X12,870-2
328,0695,BCFZ14,1850.0,B11750220,FN,7X10,940
329,0741,BCFZ16,751.0,B11750220,FN,7X10,870-2
330,1183,BBYZ82,197.0,B11750323,DN,10X30,870-2
331,0200,BCEV86,1337.0,B11750330,DN,30X150,870-4
332,0270,BCFY03,1836.0,B11750367,EL,7X10,Zone E
333,1436,BCFY01,1636.0,B11750367,EL,7X10,940
334,0193,BCFY02,1833.0,B11750367,EL,7X10,Zone E
335,0201,BBZZ78,848.5700073242188,B11750427,FB,10X30,940
336,1442,BBVW20,1558.0,B11750431,FB,20X50,870-1
337,0037,BCGA84,1535.0,B11750443,FB,30X150,870-3
338,0430,BCGI38,1800.0,B11750443,FB,30X150,Zone E
339,1494,BCGA97,675.0,B11750443,FB,30X150,870-3
340,1196,BCGI36,1802.0,B11750443,FB,30X150,Zone E
341,1361,BCGA80,1072.0,B11750458,FB,4X12,870-1
342,1359,BCGA82,874.0,B11750466,FB,7X10,870-1
343,0115,BCGG69,1041.0,B11750592,FL,25X100,Zone D
344,0682,Bcey78,1066.0,B11750605,FL,4X12,Zone D
345,0343,BCFP18,1582.0,B11750605,FL,4X12,Zone C
346,0072,BCFP16,1780.0,B11750605,FL,4X12,Zone D
347,0636,BCFP13,1756.0,B11750605,FL,4X12,Zone D
348,0326,Bcfp03,1822.0,B11750605,FL,4X12,Zone C
349,0449,BCFP07,1812.0,B11750605,FL,4X12,Zone C
350,1046,BCFP14,1746.0,B11750605,FL,4X12,Zone D
351,1186,BCFP15,1785.0,B11750605,FL,4X12,Zone D
352,0999,BCFP17,1788.0,B11750605,FL,4X12,Zone D
353,0166,BCFP09,1830.0,B11750605,FL,4X12,Zone C
354,1392,BCFL72,1827.0,B11750622,G7,30X150,870-1
355,0749,BBUQ97,627.0,B11750669,GF,7X10,870-1
356,0776,BCFT44,1538.0,B11750699,GL,4X12,940.4
357,0146,BCFT47,1729.0,B11750700,GL,7X10,Zone D
358,0601,BCEF21,1848.0,B11750736,GS,4X12,Zone D
359,0284,BCEF22,316.0,B11750736,GS,4X12,870-2
360,0740,B35040,681.0,B11750742,GS,7X10,Zone D
361,0050,BCGA20,1765.0,B11750776,JV,4X12,870-2
362,0489,BCGE28,1800.0,B11750788,JV,7X10,Zone D
363,0017,BCGE25,1800.0,B11750788,JV,7X10,Zone D
364,1174,BCGE27,1830.0,B11750788,JV,7X10,Zone D
365,0136,BCGE30,1850.0,B11750788,JV,7X10,Zone D
366,1490,BCFA68,1553.0,B11750788,JV,7X10,940
367,1426,BCGE26,1825.0,B11750788,JV,7X10,Zone D
368,0327,BQM039,285.0,B11750812,CG,10X30,Zone B
369,1488,BCGB20,1789.0,B11750812,CG,10X30,870-2
370,1011,BQM041,1340.0,B11750812,CG,10X30,Zone B
371,0149,BCGB03,1850.0,B11750823,CG,4X12,Zone E
372,1447,BQM053,893.0,B11750823,CG,4X12,Zone B
373,1192,BCGB05,1827.0,B11750823,CG,4X12,Zone E
374,1050,BCGB09,1508.0,B11750823,CG,4X12,870-5
375,1366,BCGB07,1820.0,B11750823,CG,4X12,Zone E
376,0354,BQM052,1054.0,B11750823,CG,4X12,Zone B
377,0745,BCFC46,872.0,B11750823,CG,4X12,Zone D
378,0708,BCGB17,1850.0,B11750830,CG,7X10,Zone E
379,0520,BCGB16,1840.0,B11750830,CG,7X10,Zone E
380,0981,BCGB15,926.0,B11750830,CG,7X10,870-4
381,0686,BCFX81,1786.0,B11750845,LN,4X12,940.4
382,0144,BCFX79,1489.0,B11750845,LN,4X12,940.4
383,0009,BCGG88,510.0,B11750867,PW,4X12,870-4
384,0972,BCFS02,1835.0,B11750867,PW,4X12,Zone E
385,0161,BCGG89,1845.0,B11750867,PW,4X12,Zone E
386,0120,BCGG91,1767.0,B11750867,PW,4X12,Zone E
387,1470,BCGG96,1845.0,B11750877,PW,7X10,940
388,1188,BCGG94,1824.0,B11750877,PW,7X10,940
389,0175,BCFY43,1846.0,B11750877,PW,7X10,Zone E
390,1166,BCFY41,282.0,B11750877,PW,7X10,870-5
391,0289,BCGB83,1800.0,B11750886,SN,10X30,Pregrinds
392,0941,BCGB85,1829.0,B11750886,SN,10X30,Pregrinds
393,0524,BCFT45,1834.0,B11750886,SN,10X30,Prep1
394,0181,BCGB92,1800.0,B11750886,SN,10X30,Pregrinds
395,1389,BCGB95,1850.0,B11750886,SN,10X30,Pregrinds
396,0908,BCGB90,1800.0,B11750886,SN,10X30,Pregrinds
397,1131,BCGC01,1810.0,B11750886,SN,10X30,Pregrinds
398,1146,BCGC00,1820.0,B11750886,SN,10X30,Pregrinds
399,1355,BCGB97,1801.0,B11750886,SN,10X30,Pregrinds
400,1062,BCGB88,1783.0,B11750886,SN,10X30,Pregrinds
401,1473,BCFT43,1813.0,B11750886,SN,10X30,Pregrinds
402,1195,BCGB71,1814.0,B11750897,SN,4X12,Pregrinds
403,0667,BCFY98,191.0,B11750897,SN,4X12,870-3
404,1368,BCGB68,1826.0,B11750897,SN,4X12,Pregrinds
405,0758,BCFJ84,869.0,B11750904,SN,7X10,Pregrinds
406,0855,BCFT36,1805.0,B11750904,SN,7X10,Pregrinds
407,0332,BCGB79,1800.0,B11750904,SN,7X10,Pregrinds
408,0997,BCFT39,1442.0,B11750904,SN,7X10,870-2
409,0155,BCGB76,1818.0,B11750904,SN,7X10,Pregrinds
410,0318,BCGC04,1827.0,B11751045,ZG,25X100,Zone E
411,0021,BCGB47,1819.0,B11751045,ZG,25X100,Zone C
412,0642,BCGC02,1816.0,B11751045,ZG,25X100,Zone E
413,1363,BCGB44,1800.0,B11751045,ZG,25X100,Zone C
414,1172,BCGC03,1808.0,B11751045,ZG,25X100,Zone E
415,0188,Bcfp08,1372.0,B11751045,ZG,25X100,Zone E
416,1352,BCBI99,911.0,B11751074,ZG,7X10,940
417,1467,BCFC02,677.0,B11751095,OY,4X12,940
418,1350,BCGG64,1670.0,B11751095,OY,4X12,940.4
419,0843,BCGH98,1506.0,B11751159,PE,25X100,940
420,0844,BCFI78,1731.0,B11751159,PE,25X100,Zone D
421,0989,BCGI04,1795.0,B11751159,PE,25X100,Pregrinds
422,1033,BCGH99,1807.0,B11751159,PE,25X100,Pregrinds
423,1454,BCGI05,402.0,B11751159,PE,25X100,940
424,0613,BCFI63,502.0,B11751163,PE,4X12,Zone C
425,1388,BCGC08,2175.0,B11751163,PE,4X12,Zone D
426,0189,BCFI69,332.0,B11751175,PE,7X10,Zone C
427,0275,BCFZ00,1847.0,B11751189,PG,10X30,870-2
428,0013,BCFY99,1833.0,B11751189,PG,10X30,Pregrinds
429,1067,Bcec05,628.0,B11751232,R3,10X30,870-2
430,0465,BCEW49,1571.0,B11751240,R3,30X150,870-3
431,0512,BBXW69,544.0,B11751253,ZM,4X12,870-3
432,1054,BCGI87,1466.0,B11751313,SH,25X100,870-4
433,0638,BCGI17,1762.0,B11751313,SH,25X100,Zone A
434,0299,BCGI13,1722.0,B11751313,SH,25X100,940.4
435,0214,BCFZ83,1800.0,B11751313,SH,25X100,Zone E
436,1446,BCFZ87,1817.0,B11751313,SH,25X100,Zone E
437,1007,BCGI08,1814.0,B11751313,SH,25X100,Zone A
438,1397,BCFZ75,1842.0,B11751313,SH,25X100,Zone E
439,0277,BCGI19,1162.0,B11751313,SH,25X100,Zone A
440,1031,BCGI11,1731.0,B11751313,SH,25X100,Zone A
441,0217,BCGI09,1813.0,B11751313,SH,25X100,Zone A
442,1370,Bceo96,1815.0,B11751313,SH,25X100,Zone E
443,0486,BCFO45,1818.0,B11751320,SH,30X150,Zone A
444,0366,BCFO49,1817.0,B11751320,SH,30X150,Zone A
445,0137,Bcfn94,1738.0,B11751320,SH,30X150,Zone A
446,0590,BCFZ69,668.0,B11751335,SH,4X12,870-1
447,0397,BCFZ72,1828.0,B11751335,SH,4X12,Zone E
448,0897,BCFZ70,1803.0,B11751335,SH,4X12,Zone E
449,0225,BcCn51,1525.0,B11751343,SH,7X10,Zone A
450,0535,BCGA30,1187.0,B11751357,SL,10X30,Zone A
451,0852,BCGA33,1850.0,B11751357,SL,10X30,Zone A
452,0540,BCGA32,1014.0,B11751357,SL,10X30,870-1
453,0525,BCGA36,1800.0,B11751357,SL,10X30,Zone A
454,1026,BCFO87,1836.0,B11751357,SL,10X30,Zone A
455,0626,BCGA72,1737.0,B11751367,SL,25X100,940
456,1412,BCGA74,1733.0,B11751367,SL,25X100,940
457,1044,BCEY68,914.0,B11751367,SL,25X100,940
458,1117,BCGA59,1717.0,B11751367,SL,25X100,940
459,0986,BCGA58,1785.0,B11751367,SL,25X100,940
460,0129,BCGA73,1833.0,B11751367,SL,25X100,940
461,0369,BCGH66,1817.0,B11751376,SL,4X12,940
462,0316,BCGH63,1800.0,B11751376,SL,4X12,940.4
463,0053,BCGH61,1800.0,B11751376,SL,4X12,940.4
464,0224,BCGH69,1128.0,B11751376,SL,4X12,870-3
465,0761,BCGH77,1819.0,B11751387,SL,7X10,940
466,0267,BCGH79,1770.0,B11751387,SL,7X10,940
467,0329,BCGH74,1816.0,B11751387,SL,7X10,940
468,1354,BCGA23,1203.0,B11751387,SL,7X10,870-3
469,0259,BCDF16,59.0,B11751394,SM,10X30,870-3
470,0203,BCDF17,79.0,B11751400,SM,25X100,870-4
471,0350,BCFP32,565.0,B11751417,SM,30X150,Zone E
472,1485,BCFX68,1034.0,B11751417,SM,30X150,870-1
473,0211,BCFW51,961.0,B11751574,ZP,4X12,Zone E
474,0597,BCFW06,1718.0,B11751595,TR,4X12,940
475,0392,BCFW11,973.0,B11751607,TR,7X10,940
476,0490,BCFW08,1744.0,B11751607,TR,7X10,940
477,0561,BCFR47,599.0,B11751690,VW,4X12,Zone C
478,0633,BCAU20,1569.0,B11751753,GC,4X12,Dirty Totes
479,0699,BCAM83,1121.0,B11751753,GC,4X12,870-4
480,0870,BCAF56,1641.2099609375,B11751753,GC,4X12,Dirty Totes
481,0558,BCGI93,1300.0,B11751766,GC,7X10,Zone D
482,0216,BCEV41,1046.0,B11751766,GC,7X10,870-4
483,0797,BCGH55,979.0,B11787239,MW,4X12,940.4
484,1475,BCGH54,1834.0,B11787239,MW,4X12,Dirty Totes
485,0942,BCFX18,1841.0,B11787239,MW,4X12,940.4
486,0423,BCFX23,1850.0,B11787239,MW,4X12,Dirty Totes
487,0990,BCGH53,1850.0,B11787239,MW,4X12,Dirty Totes
488,0123,BCFH22,1612.0,B11787239,MW,4X12,Dirty Totes
489,0256,BCEJ75,1224.0,B11787255,LR,7X10,Zone A
490,0791,BCEK31,1203.0,B11787675,BC,7X10,940
491,0847,BCGF83,1827.0,B11877371,MH,25X100,Zone B
492,0995,BCGF85,353.0,B11877371,MH,25X100,Zone B
493,0474,BCCW24,921.0,B11877371,MH,25X100,940
494,0153,BCGF84,1803.0,B11877371,MH,25X100,Zone B
495,1100,BCFR14,1478.0,B11877371,MH,25X100,Prep1
496,0827,BCGA14,1849.0,B11877387,MS,4X12,Zone E
497,0061,BCED33,1767.0,B11877387,MS,4X12,Zone C
498,1185,BCGA15,1051.0,B11877387,MS,4X12,Zone E
499,0025,BCED05,211.0,B11877414,JV,10X30,940
500,0968,BCGE33,1843.0,B11877414,JV,10X30,Zone D
501,0765,BCGE34,1829.0,B11877414,JV,10X30,Zone D
502,0208,BCGE35,1850.0,B11877414,JV,10X30,Zone D
503,0381,BCGE31,1836.0,B11877414,JV,10X30,Zone D
504,0903,BCGE36,1800.0,B11877414,JV,10X30,Zone D
505,0428,BCGH37,834.906005859375,B11943862,AR,25X100,Drop for 870
506,0151,BCGH34,1815.0,B11943862,AR,25X100,940
507,0111,BCFX97,1810.0,B11943862,AR,25X100,Drop for 870
508,0849,BCGH35,1844.0,B11943862,AR,25X100,940
509,0252,BCGH41,1806.0,B11943862,AR,25X100,Drop for 870
510,0447,BCGH46,1828.0,B11943862,AR,25X100,Drop for 870
511,1070,BCGH43,1820.0,B11943862,AR,25X100,Drop for 870
512,1177,BCGH40,1831.0,B11943862,AR,25X100,Drop for 870
513,0737,BCGH47,691.0,B11943862,AR,25X100,870-4
514,0845,BCGH36,1825.0,B11943862,AR,25X100,940
515,0801,BCGH38,1801.0,B11943862,AR,25X100,Drop for 870
516,0104,BCGH39,1821.0,B11943862,AR,25X100,Drop for 870
517,0352,BCFI80,605.0,B11943876,BI,25X100,870-5
518,0414,BCFI87,1744.0,B11943876,BI,25X100,940.4
519,0582,BCFI91,1726.0,B11943876,BI,25X100,940.4
520,0107,BCFI93,1711.0,B11943876,BI,25X100,940.4
521,0375,BCEV17,426.0,B11943886,FN,20X70,940
522,0547,BCFY21,1850.0,B11943906,EL,20X70,Zone E
523,1386,BCFY22,1204.0,B11943906,EL,20X70,870-5
524,0391,BCGE42,1827.0,B11943913,JV,20X70,Zone C
525,0615,BCGE45,1290.0,B11943913,JV,20X70,Zone C
526,0743,BCGE44,1841.0,B11943913,JV,20X70,Zone C
527,0926,BCGE43,1845.0,B11943913,JV,20X70,Zone C
528,0195,BCDU18,555.0,B11943913,JV,20X70,Zone E
529,1422,BCGA26,1639.0,B11943913,JV,20X70,Zone E
530,1077,BCGE40,1815.0,B11943913,JV,20X70,Zone C
531,1478,BCGE38,1822.0,B11943913,JV,20X70,Zone D
532,1417,BCGE39,1840.0,B11943913,JV,20X70,Zone C
533,0526,BCGH76,1810.0,B11943929,LR,20X70,Zone A
534,0395,BCGH80,1153.0,B11943929,LR,20X70,Zone A
535,0247,BCGH78,1680.0,B11943929,LR,20X70,Zone A
536,1078,BCGH75,1307.0,B11943929,LR,20X70,870-4
537,0409,BCBC03,467.0,B11943964,MS,20X70,Jaco Grinding
538,0719,BCGF18,1835.0,B11943972,MT,25X100,940
539,0804,BCGF12,1823.0,B11943972,MT,25X100,940
540,0069,BCGF24,1844.0,B11943972,MT,25X100,Drop for 870
541,0464,BCFX21,1560.0,B11943972,MT,25X100,Zone E
542,0813,BCFG88,1851.0,B11943972,MT,25X100,Drop for 870
543,1487,BCGF25,1815.0,B11943972,MT,25X100,Drop for 870
544,1409,BCGF15,1819.0,B11943972,MT,25X100,940
545,1111,BCGJ09,1365.0,B11943972,MT,25X100,Zone D
546,1130,BCGF17,1801.0,B11943972,MT,25X100,940
547,0052,BCFW79,1766.0,B11943972,MT,25X100,870-2
548,0792,BCGF14,1834.0,B11943972,MT,25X100,940
549,0378,BCGF19,1820.0,B11943972,MT,25X100,Drop for 870
550,0954,BCGJ07,1801.0,B11943972,MT,25X100,Zone D
551,0984,BCGF23,1744.0,B11943972,MT,25X100,870-5
552,0005,BCFC27,1773.0,B11943985,MV,20X70,870-5
553,1414,BCFC28,1460.0,B11943985,MV,20X70,Zone D
554,1190,BCFK54,1258.0,B11945721,EL,4X12,940
555,0840,BCBA98,1507.0,B11945741,LR,30X150,Zone A
556,0565,BCBB09,1846.0,B11945741,LR,30X150,Zone A
557,0661,BCBB01,1560.0,B11945741,LR,30X150,Zone A
558,0925,BCBB03,1530.0,B11945741,LR,30X150,Zone A
559,1024,Bcfc19,1825.0,B11945758,MV,10X30,Zone E
560,0342,BBTS65,875.0,B11945943,BR,4X12,870-3
561,0281,BCCE96,1523.0,B11945954,CC,20X70,870-1
562,0421,BCFZ01,960.0,B11950471,CC,25X100,Zone C
563,0393,BCEF55,1549.0,B11950471,CC,25X100,870-2
564,1066,BBYI11,1801.0,B11950471,CC,25X100,Zone A
565,0916,BCEP59,707.0,B11950487,FL,10X30,Zone C
566,0607,BCEP99,1228.0,B11950493,MO,25X100,Zone A
567,0584,BCGH24,616.0,B11950493,MO,25X100,870-3
568,0658,BCGH32,1802.0,B11950493,MO,25X100,Zone A
569,0337,BCGH33,1087.0,B11950493,MO,25X100,Zone A
570,0215,BCEK52,1647.0,B11950493,MO,25X100,Zone A
571,0205,BCGH28,1818.0,B11950493,MO,25X100,870-3
572,0218,BCEY20,872.0,B11950501,MV,4X12,870-5
573,0664,BCFY27,875.0,B11950514,MV,7X10,870-5
574,0959,BBTY69,1295.0,B11950563,CN,20X70,870-1
575,0744,BCGA34,1818.0,B11950574,DO,4X12,940.4
576,0522,BCGA35,1425.0,B11950574,DO,4X12,870-5
577,0760,BCFM54,613.0,B11950581,DO,7X10,870-4
578,0444,BCGB00,1557.0,B11950596,FB,20X70,Zone E
579,0672,BCGB04,1800.0,B11950596,FB,20X70,Zone E
580,0182,BCGB02,1800.0,B11950596,FB,20X70,Zone E
581,1458,Bcep52,1778.0,B11950604,FB,25X100,870-3
582,0579,BCGB55,1831.0,B11950618,G6,20X70,Zone D
583,0581,BCGB65,1808.0,B11950618,G6,20X70,940
584,0497,BCGA07,1850.0,B11950618,G6,20X70,940
585,0641,BCGB62,1829.0,B11950618,G6,20X70,Zone C
586,0348,BCGB52,1842.0,B11950618,G6,20X70,Zone D
587,0555,BCGB64,1839.0,B11950618,G6,20X70,Zone D
588,1383,BCGB66,1665.0,B11950618,G6,20X70,Zone D
589,0099,BCGB61,1812.0,B11950618,G6,20X70,Zone C
590,0102,BCGA09,1912.0,B11950618,G6,20X70,940
591,0894,BCGB63,1809.0,B11950618,G6,20X70,Zone D
592,0251,BCGB51,1836.0,B11950618,G6,20X70,Zone D
593,1399,BCGB53,1850.0,B11950618,G6,20X70,Zone D
594,1187,BCGB58,1841.0,B11950618,G6,20X70,Zone D
595,1180,BCGB50,1808.0,B11950618,G6,20X70,Zone D
596,0896,BCGB56,1811.0,B11950618,G6,20X70,Zone D
597,0945,BCGA03,1802.0,B11950618,G6,20X70,940
598,0960,BCGB60,1834.0,B11950618,G6,20X70,Zone C
599,1030,BCGA05,1820.0,B11950618,G6,20X70,940
600,1048,BCGB57,1831.0,B11950618,G6,20X70,Zone D
601,1162,BCGB48,1823.0,B11950618,G6,20X70,Zone C
602,0010,BCGA02,1848.0,B11950618,G6,20X70,940
603,0176,BCGB59,1834.0,B11950618,G6,20X70,Zone C
604,0826,BCGA04,1824.0,B11950618,G6,20X70,940
605,0700,BCGB54,1821.0,B11950618,G6,20X70,Zone D
606,0704,BCGB49,1822.0,B11950618,G6,20X70,Zone C
607,0687,BCGA06,1843.0,B11950618,G6,20X70,940
608,0114,BCEF23,780.0,B11950637,GS,25X100,870-5
609,0233,BCGA17,1734.0,B11950648,MO,4X12,Zone A
610,1418,BCGA19,740.0,B11950648,MO,4X12,Zone A
611,0544,BCCA47,1105.0,B11984656,SH,20X50,870-1
612,0027,BcCa50,1640.0,B11984656,SH,20X50,Zone E
613,0571,Bcbp47,1515.0,B11984668,SH,20X70,Zone E
614,0901,BCFS82,1848.0,B11984668,SH,20X70,Zone E
615,0389,BCFM42,1800.0,B11984958,SL,20X70,Zone A
616,0051,BCGI24,1808.0,B11984958,SL,20X70,Zone A
617,0701,BCGA49,1804.0,B11984958,SL,20X70,940
618,1137,BCGI22,1807.0,B11984958,SL,20X70,Zone A
619,1377,BCGI25,1806.0,B11984958,SL,20X70,Zone A
620,1163,BCGH82,1802.0,B11984958,SL,20X70,940
621,0209,BCGA51,1783.0,B11984958,SL,20X70,940
622,0659,BCGH81,1802.0,B11984958,SL,20X70,940
623,0002,BCGA54,1730.0,B11984958,SL,20X70,940
624,1114,BCGA55,1913.0,B11984958,SL,20X70,940
625,1395,BCFO95,1826.0,B11984958,SL,20X70,Zone A
626,0648,BCFS96,1580.0,B11985846,MO,7X10,Zone A
627,0605,BCCY88,134.0,B11988150,JV,25X100,940
628,0731,BCFY79,1845.0,B11990137,DV,25X100,Dirty Totes
629,1464,BCFK36,1757.0,B11990137,DV,25X100,Dirty Totes
630,1119,BCFK52,1755.0,B11990137,DV,25X100,Dirty Totes
631,1063,BCFY78,599.0,B11990137,DV,25X100,870-5
632,0988,BCCI86,830.0,B11990154,CV,25X100,940
633,0732,BCGG82,1815.0,B11990191,CT,25X100,940
634,0089,BCGG84,1005.0,B11990191,CT,25X100,940
635,0703,BCGG79,1831.0,B11990191,CT,25X100,940
636,0678,BCGG81,1850.0,B11990191,CT,25X100,940
637,1101,BCGG83,1804.0,B11990191,CT,25X100,940
638,1391,BCEX02,1267.0,B11990191,CT,25X100,Prep1
639,0864,BCEW90,1800.0,B11991681,AB,20X70,Zone D
640,0257,BCEW95,807.0,B11991681,AB,20X70,870-3
641,0777,BCEW91,1807.0,B11991681,AB,20X70,Zone D
642,0882,BCEX00,1647.0,B11991681,AB,20X70,Zone D
643,0689,BCEW92,1809.0,B11991681,AB,20X70,Zone D
644,0858,BCGA48,1830.0,B11991724,DO,20X70,Zone E
645,0262,BCFM78,1850.0,B11991724,DO,20X70,940.4
646,0842,BCEW81,1224.0,B11991724,DO,20X70,940.4
647,0434,BCGA45,1800.0,B11991724,DO,20X70,Zone E
648,0372,BCFM81,1809.0,B11991724,DO,20X70,940.4
649,0043,BCEW86,1511.0,B11991724,DO,20X70,940.4
650,1134,BCGA50,1800.0,B11991724,DO,20X70,Zone E
651,1182,BCGA43,1824.0,B11991724,DO,20X70,Zone E
652,1079,BCGA41,1797.0,B11991724,DO,20X70,940.4
653,0996,BCGA46,1840.0,B11991724,DO,20X70,Zone E
654,0359,BCGJ12,1846.0,B12011932,LN,20X70,Zone D
655,0011,BCGJ18,1821.0,B12011932,LN,20X70,Zone C
656,0653,BCGJ17,1820.0,B12011932,LN,20X70,Zone C
657,0752,BCGJ14,1800.0,B12011932,LN,20X70,Zone C
658,1112,BCGJ13,1807.0,B12011932,LN,20X70,Zone C
659,0105,BCGJ15,1817.0,B12011932,LN,20X70,Zone C
660,0303,BCGJ19,873.0,B12011932,LN,20X70,Zone C
661,1351,BCFX84,1802.0,B12011932,LN,20X70,870-5
662,0994,BCFI12,1105.0,B12011944,LN,25X100,870-1
663,0736,BCFY70,1803.0,B12014463,PW,20X70,Zone E
664,0494,BCGH04,1800.0,B12014463,PW,20X70,Drop for 870
665,0367,BCGH01,1850.0,B12014463,PW,20X70,940
666,0492,Bcfo44,1065.0,B12014463,PW,20X70,Zone E
667,1424,BCFY63,1810.0,B12014463,PW,20X70,Zone A
668,0828,BCGG98,1838.0,B12014463,PW,20X70,940
669,0222,BCFY62,1801.0,B12014463,PW,20X70,Zone A
670,1194,BCGH06,1850.0,B12014463,PW,20X70,Drop for 870
671,0085,BCGH00,1850.0,B12014463,PW,20X70,940
672,1358,Bcfo28,1802.0,B12014463,PW,20X70,870-2
673,0874,BCGH05,1816.0,B12014463,PW,20X70,Drop for 870
674,0019,Bcfo43,1809.0,B12014463,PW,20X70,Zone E
675,1175,BCGH08,187.0,B12014463,PW,20X70,870-1
676,0933,Bcfo41,1803.0,B12014463,PW,20X70,Zone E
677,0977,BCGH02,1832.0,B12014463,PW,20X70,940
678,0319,BCFY68,1794.0,B12014463,PW,20X70,Zone E
679,0408,BCFZ40,1444.0,B12014476,PG,25X100,Pregrinds
680,0088,BCFZ21,1494.0,B12014476,PG,25X100,870-3
681,0969,BCFZ12,1686.0,B12014476,PG,25X100,870-3
682,0469,BCFN40,1502.0,B12014476,PG,25X100,Pregrinds
683,0957,BCEI68,894.0,B12014488,PG,30X150,Pregrinds
684,1141,BCFH84,1581.0,B12027538,AB,4X12,Zone D
685,0450,BCFQ04,652.0,B12137725,SS,20X70,870-3
686,0608,BCFP96,1800.0,B12137725,SS,20X70,Zone A
687,0886,BCFP98,1809.0,B12137725,SS,20X70,870-5
688,1052,BCFP86,1826.0,B12137725,SS,20X70,Zone A
689,1072,BCFP84,1811.0,B12137725,SS,20X70,Zone A
690,0119,BCFQ00,1814.0,B12137725,SS,20X70,940.4
691,0550,BCFP90,1810.0,B12137725,SS,20X70,Zone A
692,0032,BCFP93,1780.0,B12137725,SS,20X70,Zone A
693,0680,BCFQ02,1794.0,B12137725,SS,20X70,940.4
694,1189,BCFP88,1800.0,B12137725,SS,20X70,Zone A
695,0044,BBZG13,915.0,B12138321,CS,4X12,Zone C
696,0075,BBWK08,125.0,B12138335,CS,7X10,Zone C
697,0333,BCGH56,1837.0,B12138335,CS,7X10,940
698,0268,BCDD05,679.0,B12138345,CS,10X30,Zone C
699,1068,BBVJ21,2037.0,B12138354,CV,7X10,940
700,0887,BCFY71,970.0,B12138366,DV,4X12,870-1
701,0322,BCGI44,1639.0,B12138366,DV,4X12,Dirty Totes
702,0323,BCGI39,1838.0,B12138366,DV,4X12,Dirty Totes
703,0479,BCGI41,1807.0,B12138366,DV,4X12,Dirty Totes
704,0142,BCFY73,1525.0,B12138366,DV,4X12,870-1
705,0197,BCGI37,1831.0,B12138366,DV,4X12,Dirty Totes
706,0183,BCGI35,1803.0,B12138366,DV,4X12,Dirty Totes
707,0263,BCGE86,1840.0,B12138370,MT,4X12,Zone B
708,0066,BCGE93,1805.0,B12138370,MT,4X12,870-4
709,0086,BCGJ02,1807.0,B12138370,MT,4X12,Zone D
710,1151,BCGE94,1820.0,B12138370,MT,4X12,870-4
711,1376,BCGJ00,1827.0,B12138370,MT,4X12,Zone D
712,0943,BCGE85,1503.0,B12138370,MT,4X12,870-2
713,1373,BCGJ04,1847.0,B12138370,MT,4X12,Zone D
714,0463,BCGE92,1823.0,B12138370,MT,4X12,870-4
715,0609,BCGJ06,1815.0,B12138370,MT,4X12,Zone D
716,0106,BCGE87,481.0,B12138370,MT,4X12,870-3
717,0065,BCFY84,1829.0,B12138397,PG,4X12,Pregrinds
718,0623,BCGG73,1301.0,B12138397,PG,4X12,Zone E
719,0056,BCFY83,1841.0,B12138397,PG,4X12,Pregrinds
720,0508,BCFY82,1828.0,B12138397,PG,4X12,Pregrinds
721,0515,BCGG70,1677.0,B12138397,PG,4X12,870-1
722,0402,BCGG42,1814.0,B12138397,PG,4X12,Zone E
723,1410,BCGG53,1806.0,B12138397,PG,4X12,Pregrinds
724,1056,BCGG67,1804.0,B12138397,PG,4X12,Prep1
725,0150,BCGG52,1800.0,B12138397,PG,4X12,Pregrinds
726,0622,Bcdo84,1409.0,B12138421,RP,25X100,Zone A
727,0360,BBYE71,1476.0,B12138421,RP,25X100,Zone A
728,0442,Bcdo88,1820.0,B12138421,RP,25X100,Zone A
729,0491,Bcdo81,1757.0,B12138421,RP,25X100,Zone A
730,0091,Bcdo89,1465.0,B12138421,RP,25X100,Zone A
731,0795,BCDS74,1322.0,B12138435,WH,4X12,Prep1
732,1367,BCDS77,1090.0,B12138435,WH,4X12,Zone D
733,0627,Bceh39,1498.0,B12326125,CV,4X12,870-4
734,1076,BBVX76,462.0,B12469410,MT,30X150,Jaco Grinding
735,0353,BCFP19,1762.0,B12478108,FL,7X10,Zone D
736,1498,BCEZ18,1701.0,B12478108,FL,7X10,Zone C
737,1443,BCFP20,1842.0,B12478108,FL,7X10,Zone D
738,0861,BCFX25,828.0,B12490009,MW,7X10,Dirty Totes
739,0790,BCFX29,1800.0,B12490009,MW,7X10,Dirty Totes
740,0219,BCFX27,1813.0,B12490009,MW,7X10,940.4
741,0269,BCFY06,1801.0,B12490036,EL,10X30,Zone E
742,0315,BCFY05,1403.0,B12490036,EL,10X30,870-5
743,0602,BCFY07,1850.0,B12490036,EL,10X30,Zone E
744,0595,BCGC15,1800.0,B12497914,SN,20X70,Pregrinds
745,0841,BCGC20,1847.0,B12497914,SN,20X70,Pregrinds
746,0470,BCGC18,1800.0,B12497914,SN,20X70,Pregrinds
747,0789,BCGC22,1881.0,B12497914,SN,20X70,Pregrinds
748,0860,BCGB28,1836.0,B12497925,CG,20X70,Zone E
749,0310,BCFY18,1837.0,B12497925,CG,20X70,Zone E
750,0710,BCGB22,1847.0,B12497925,CG,20X70,Zone E
751,0171,BCGB26,1813.0,B12497925,CG,20X70,Zone E
752,1365,BCFY29,1784.0,B12497925,CG,20X70,Zone E
753,0234,BCGB25,1807.0,B12497925,CG,20X70,Zone E
754,0883,BCGB30,1600.0,B12497925,CG,20X70,870-5
755,0178,BCGB27,1850.0,B12497925,CG,20X70,Zone E
756,1390,BCGB24,1825.0,B12497925,CG,20X70,Zone E
757,0831,BCGB29,1810.0,B12497925,CG,20X70,Zone E
758,0365,BCGB31,1804.0,B12497925,CG,20X70,Zone E
759,0863,BCGB23,1800.0,B12497925,CG,20X70,Zone E
760,0578,BCFY19,1815.0,B12497925,CG,20X70,Zone E
761,0090,BCGB21,1805.0,B12497925,CG,20X70,Zone E
762,0385,BCGH12,1578.0,B12615752,SN,25X100,870-2
763,0566,BCGH19,1472.0,B12615752,SN,25X100,870-2
764,0698,BCFT62,335.0,B12615752,SN,25X100,Jaco Grinding
765,0753,BCGI95,1836.0,B12618543,CW,20X70,Zone D
766,0387,BCGC98,1843.0,B12618543,CW,20X70,Pregrinds
767,0451,BCGC96,1813.0,B12618543,CW,20X70,Pregrinds
768,0358,BCGI98,1818.0,B12618543,CW,20X70,Zone D
769,0583,BCGJ11,1804.0,B12618543,CW,20X70,Zone D
770,1006,BCGJ10,1835.0,B12618543,CW,20X70,Zone D
771,1444,BCGJ03,1801.0,B12618543,CW,20X70,Zone D
772,0991,BCGC95,1101.0,B12618543,CW,20X70,870-1
773,1000,BCGI99,1823.0,B12618543,CW,20X70,Zone D
774,1115,BCGD02,1161.0,B12618543,CW,20X70,Pregrinds
775,1086,BCGJ05,1817.0,B12618543,CW,20X70,Zone D
776,0962,BCGI94,1830.0,B12618543,CW,20X70,Zone D
777,0121,BCGJ01,1823.0,B12618543,CW,20X70,Zone D
778,0853,BCGC99,1850.0,B12618543,CW,20X70,Pregrinds
779,1379,BCGJ16,1785.0,B12618543,CW,20X70,Zone D
780,0245,BCGJ08,1831.0,B12618543,CW,20X70,Zone D
781,0513,BBPH59,1733.0,B12755439,GC,25X100,Dirty Totes
782,0599,Bceh44,1687.0,B12759739,CV,10X30,940
783,0399,BBZF92,896.0,B12815581,DL,25X100,Dirty Totes
784,0730,BCDE29,1467.0,B12815617,CG,25X100,Zone D
785,0676,BCFY77,1800.0,B12816177,DV,7X10,940
786,0015,BCFK30,698.0,B12816177,DV,7X10,870-2
787,1012,BCFY76,1850.0,B12816177,DV,7X10,940
788,0646,BCFA66,1243.0,B12906858,BL,10X30,870-3
789,0702,BCFA65,1840.0,B12906858,BL,10X30,Zone D
790,0459,BCGC90,1807.0,B12964571,FQ,10X30,Dirty Totes
791,0780,BCFP94,1586.0,B12964571,FQ,10X30,Dirty Totes
792,1434,BCGD13,1296.0,B12964571,FQ,10X30,870-5
793,0552,BCEM41,1182.0,B12964591,FQ,4X12,Zone D
794,0505,BCDT09,1106.0,B12964591,FQ,4X12,Zone D
795,0530,BCGC30,701.0,B12964591,FQ,4X12,870-1
796,1029,BCFP87,975.0,B12964591,FQ,4X12,Dirty Totes
797,0651,BCGC36,581.0,B12964607,FQ,7X10,870-1
798,0519,BCGC38,1850.0,B12964607,FQ,7X10,Dirty Totes
799,0047,BCEY64,313.0,B12964607,FQ,7X10,Dirty Totes
800,0819,BCGC34,1804.0,B12964607,FQ,7X10,940.4
801,0313,BCFY88,1814.0,B12964902,PG,7X10,Pregrinds
802,0080,BCFH39,1919.0,B12964902,PG,7X10,870-3
803,0612,BCFY90,1868.0,B12964902,PG,7X10,Pregrinds
804,0229,BCFY94,1842.0,B12964902,PG,7X10,Pregrinds
805,0766,BCEM88,743.0,B12964929,SH,10X30,870-5
806,0355,BCGI91,1780.0,B12964929,SH,10X30,940.4
807,1178,BCGI90,1812.0,B12964929,SH,10X30,940.4
808,1094,BCGI89,1846.0,B12964929,SH,10X30,940.4
809,0340,BCEV39,368.0,B13008969,GC,10X30,870-5
810,0356,BCGI92,1850.0,B13008969,GC,10X30,Zone D
811,0668,BCEV45,1840.0,B13008979,GC,20X70,870-1
812,0060,BCEV46,158.0,B13008979,GC,20X70,870-1
813,0174,BCAU71,859.0,B13011823,VL,7X10,Zone E
814,1087,BCFO89,1832.0,B13011869,VU,7X10,Zone A
815,0206,BCFO91,1187.0,B13011869,VU,7X10,Zone A
816,1471,BCAF92,854.0,B13065844,MH,20X70,870-3
817,0586,BCAI61,1845.22998046875,B13092285,XE,7X10,Zone D
818,0240,BCAI70,1790.0,B13092292,XE,10X30,Zone D
819,0441,BCAJ03,1844.1300048828125,B13092314,XE,25X100,Zone D
820,0748,BCFP60,1696.0,B13131338,B4,25X100,870-2
821,0880,BCFJ55,1850.0,B13131338,B4,25X100,Zone C
822,1136,BCFJ53,1818.0,B13131338,B4,25X100,Zone C
823,0220,BCFJ57,1755.0,B13131338,B4,25X100,870-1
824,0709,BCFR26,870.0,B13131365,BR,25X100,870-2
825,1096,BCFH69,1836.0,B13131365,BR,25X100,Zone E
826,0330,Bceu44,539.0,B13134659,B4,30X100,940
827,0249,BCEU45,1636.0,B13134659,B4,30X100,870-3
828,0756,BCGC44,1812.0,B13155304,FQ,20X70,Prep1
829,0674,BCGG24,1052.0,B13155304,FQ,20X70,Dirty Totes
830,1165,BCGC60,1805.0,B13155304,FQ,20X70,Dirty Totes
831,1427,BCEY84,481.0,B13155304,FQ,20X70,Dirty Totes
832,0630,BCGC46,1838.0,B13155304,FQ,20X70,Prep1
833,1425,BCGC42,1282.0,B13155304,FQ,20X70,870-4
834,0156,BCEW07,1849.0,B13157085,PW,10X30,Zone A
835,1144,BCFG13,1828.0,B13157085,PW,10X30,Zone E
836,1469,BCFY53,1128.0,B13157085,PW,10X30,870-1
837,0417,BCES00,1824.0,B13158380,FP,30X150,870-5
838,1198,BCFW12,1157.0,B13158380,FP,30X150,870-5
839,0400,BCFG98,1803.0,B13171930,WG,10X30,Zone D
840,0033,BCDC65,195.0,B13171930,WG,10X30,870-4
841,1015,BCFH01,623.0,B13171930,WG,10X30,Zone D
842,1116,BCGF11,1837.0,B13171930,WG,10X30,Drop for 870
843,0931,BCGF74,1340.0,B13171931,WG,30X150,940
844,1138,BCGF73,1800.0,B13171931,WG,30X150,940
845,1074,BCFG92,907.0,B13171931,WG,30X150,870-3
846,1064,BCGF72,1850.0,B13171931,WG,30X150,940
847,0812,BCGA67,1805.0,B13171967,FJ,4X8,Zone E
848,0424,BCGA66,1809.0,B13171967,FJ,4X8,Zone E
849,0184,BCGA69,810.0,B13171967,FJ,4X8,870-2
850,1419,BCEB45,951.0,B13171967,FJ,4X8,Zone A
851,0598,BCGA65,1842.0,B13171967,FJ,4X8,Zone E
852,0900,BCFY61,606.0,B13171969,DV,4X8,870-2
853,0131,BCFZ81,1540.0,B13171970,VM,4X8,Zone C
854,0448,BCGI26,808.0,B13171970,VM,4X8,870-4
855,0912,BCGI28,885.0,B13171970,VM,4X8,Dirty Totes
856,0726,BCDI07,1837.0,B13171971,GC,4X8,Dirty Totes
857,1381,BCDI08,1246.0,B13171971,GC,4X8,870-3
858,0763,BCGG10,1755.0,B13171972,GW,4X8,Drop for 870
859,0712,BCGG13,1782.0,B13171972,GW,4X8,Drop for 870
860,0383,BCGG15,1782.0,B13171972,GW,4X8,Drop for 870
861,0418,BCGG05,1850.0,B13171972,GW,4X8,Drop for 870
862,0377,BCGG08,1756.0,B13171972,GW,4X8,Drop for 870
863,0673,BCGG03,693.0,B13171972,GW,4X8,870-5
864,1149,BCGG16,852.0,B13171972,GW,4X8,940
865,1491,BCGG06,1751.0,B13171972,GW,4X8,Drop for 870
866,0921,BCGG07,1779.0,B13171972,GW,4X8,Drop for 870
867,0274,BCFL16,1763.0,B13172005,FJ,7X10,Zone A
868,1127,BCGA71,1800.0,B13172005,FJ,7X10,Zone E
869,0769,BCGA70,1822.0,B13172006,FJ,4X12,Zone E
870,1154,BCFL14,2142.0,B13172006,FJ,4X12,Zone A
871,0814,BCFH27,1850.0,B13172587,EP,4X12,Drop for 870
872,0694,BCFH30,1350.0,B13172587,EP,4X12,Drop for 870
873,1103,BBYL63,1532.0,B13172588,EP,7X10,940
874,1158,BBVV73,750.0,B13172881,AD,10X30,870-5
875,0039,BCDV00,818.0,B13173016,Z1,4X8,870-4
876,0817,BCFU10,1718.0,B13173027,Z1,4X12,870-5
877,0577,BCGD99,1825.0,B13173027,Z1,4X12,Prep1
878,0116,BCFU17,1810.0,B13173027,Z1,4X12,870-5
879,0762,BCGH44,1800.0,B13173028,Z1,7X10,940
880,0869,BCFY35,1635.0,B13173028,Z1,7X10,870-4
881,0141,BCFY37,1827.0,B13173028,Z1,7X10,Prep1
882,1039,BCGH42,1847.0,B13173028,Z1,7X10,940
883,0045,Bcfd80,1833.0,B13173029,Z1,10X30,870-4
884,1449,BCFO13,1511.0,B13173029,Z1,10X30,870-3
885,0706,Bcdf42,1758.0,B13173030,Z1,20X70,940
886,0693,BCDF60,1810.0,B13173030,Z1,20X70,940
887,0757,BCDF48,1826.0,B13173030,Z1,20X70,940
888,0751,BCDF57,1800.0,B13173030,Z1,20X70,940
889,0604,Bcdf39,1762.0,B13173030,Z1,20X70,940
890,0264,BCFU87,1551.0,B13173030,Z1,20X70,940
891,0163,BCDF56,1848.0,B13173030,Z1,20X70,940
892,0635,BCDF38,1763.0,B13173030,Z1,20X70,Prep1
893,0640,BCDF51,1806.0,B13173030,Z1,20X70,940
894,1432,BCDF50,1848.0,B13173030,Z1,20X70,940
895,0278,Bcdf44,1838.0,B13173030,Z1,20X70,940
896,1047,BCGE16,1828.0,B13173030,Z1,20X70,Prep1
897,0422,BCFV02,946.0,B13173030,Z1,20X70,940
898,0930,BCDF37,1638.0,B13173030,Z1,20X70,Prep1
899,0596,BCDF63,1257.0,B13173030,Z1,20X70,870-5
900,1036,BCDF53,1820.0,B13173030,Z1,20X70,940
901,1493,BCDF46,1809.0,B13173030,Z1,20X70,940
902,0040,Bcdf41,1719.0,B13173030,Z1,20X70,940
903,0306,Bcdf45,1850.0,B13173030,Z1,20X70,940
904,1197,BCDF54,1800.0,B13173030,Z1,20X70,940
905,0551,Bcdf43,1755.0,B13173030,Z1,20X70,940
906,0637,Bcdf40,1770.0,B13173030,Z1,20X70,940
907,0282,BCDF62,1812.0,B13173030,Z1,20X70,940
908,0856,BCFU67,1123.0,B13173030,Z1,20X70,870-4
909,0376,BCFX08,1794.0,B13173031,Z1,25X100,870-2
910,0634,BCGE23,847.0,B13173031,Z1,25X100,940
911,0438,BCFX09,1493.0,B13173031,Z1,25X100,Zone E
912,0363,BCGE22,1460.0,B13173031,Z1,25X100,870-2
913,0239,BCFA27,176.0,B13173120,PG,20X50,870-1
914,0298,BCGE51,1815.0,B13173538,WN,30X150,Zone A
915,0829,BCGE48,1827.0,B13173538,WN,30X150,Zone A
916,0913,BCFX73,1085.0,B13173538,WN,30X150,870-2
917,1018,BCFX74,874.0,B13173538,WN,30X150,Zone A
918,0774,BCGE50,1805.0,B13173538,WN,30X150,Zone A
919,1489,BCGE47,1849.0,B13173538,WN,30X150,Zone A
920,0770,BCFX69,1382.0,B13173538,WN,30X150,870-2
921,1125,BCGE58,1813.0,B13173538,WN,30X150,Zone A
922,1160,BCGE59,1359.0,B13173538,WN,30X150,Zone A
923,0266,BCFC30,1114.0,B13173603,HX,25X100,Zone A
924,0518,BCGD35,1824.0,B13173603,HX,25X100,Zone A
925,0420,BCGE01,983.0,B13173603,HX,25X100,Zone A
926,0932,BCGD55,1847.0,B13173603,HX,25X100,Zone A
927,0975,BCGD48,238.0,B13173603,HX,25X100,870-1
928,0357,BCBB74,1551.0,B13173604,HX,20X70,Zone A
929,0705,BCBB79,1539.0,B13173604,HX,20X70,Zone A
930,0727,BCBB73,1516.0,B13173604,HX,20X70,Zone A
931,0696,BCBB78,1569.0,B13173604,HX,20X70,Zone A
932,0616,BCAD67,1578.0,B13173604,HX,20X70,870-4
933,0073,BBZH03,1769.0,B13173605,HXA,25X100,870-1
934,0185,BCFG34,1824.0,B13173605,HXA,25X100,870-3
935,0351,BCFC29,1070.0,B13173712,HX,10X30,Zone A
936,1433,BCFZ80,971.0,B13173712,HX,10X30,870-4
937,1421,BCFA96,426.0,B13173741,CX,30X150,870-3
938,0810,BCFO30,906.0,B13173742,NX,10X30,870-2
939,1147,BCGF96,1818.0,B13173742,NX,10X30,940.4
940,0022,BCGG01,1313.0,B13173743,NX,25X100,870-4
941,0177,BCFO40,1548.0,B13173743,NX,25X100,870-5
942,0514,BCFP51,1820.0,B13173744,WX,25X100,940.4
943,0532,BCFP36,1941.0,B13173744,WX,25X100,870-3
944,0739,BCGD33,1850.0,B13174131,WR,10X30,Zone C
945,0779,BCFR58,1849.0,B13174131,WR,10X30,Zone D
946,0231,BCGD27,1809.0,B13174131,WR,10X30,Zone C
947,0783,BCGD24,1824.0,B13174131,WR,10X30,Zone C
948,1398,BCGD28,1800.0,B13174131,WR,10X30,Zone D
949,0600,BCFR57,465.0,B13174131,WR,10X30,870-3
950,0951,BCGD29,1842.0,B13174131,WR,10X30,Zone D
951,1445,BCFR55,1783.0,B13174131,WR,10X30,Zone D
952,0802,BCGD32,1831.0,B13174131,WR,10X30,Zone C
953,1073,BCFR56,1760.0,B13174131,WR,10X30,Zone D
954,0382,BCGD26,1055.0,B13174132,WR,20X50,Zone C
955,0656,BCFR41,1843.0,B13174132,WR,20X50,Zone D
956,0024,BCFR46,1761.0,B13174132,WR,20X50,Zone D
957,1157,BcfF46,1817.0,B13174132,WR,20X50,Zone D
958,0160,BCGD23,1839.0,B13174132,WR,20X50,Zone D
959,0484,BCFR43,1387.0,B13174132,WR,20X50,870-4
960,1428,BCGD22,1839.0,B13174132,WR,20X50,Zone D
961,0157,BCFF63,1654.0,B13174132,WR,20X50,Zone C
962,0543,BCFR29,1263.0,B13174135,WR,30X150,870-1
963,1164,BCGD50,1840.0,B13174135,WR,30X150,Zone C
964,0068,BCGD95,1500.0,B13174135,WR,30X150,Zone D
965,0285,BCFR34,1850.0,B13174135,WR,30X150,Zone D
966,0923,BCGD51,1844.0,B13174135,WR,30X150,Zone C
967,0660,BCGE41,1790.0,B13174136,WR,50X150,Zone D
968,0325,BCGE32,1848.0,B13174136,WR,50X150,Zone D
969,0724,BCGH07,1800.0,B13174136,WR,50X150,Zone E
970,0787,BCGG93,660.0,B13174136,WR,50X150,870-4
971,0165,BCGE11,1777.0,B13174136,WR,50X150,Zone D
972,0974,BCGG86,1839.0,B13174136,WR,50X150,Zone C
973,1034,BCGH03,1801.0,B13174136,WR,50X150,Zone E
974,0082,BCGH09,1850.0,B13174136,WR,50X150,Zone D
975,0244,BCGG87,1850.0,B13174136,WR,50X150,Zone E
976,0125,BCGG95,1804.0,B13174136,WR,50X150,Zone E
977,0865,BCGG85,1800.0,B13174136,WR,50X150,Zone D
978,0228,BCGE37,1810.0,B13174136,WR,50X150,Zone D
979,0036,BCGG97,1850.0,B13174136,WR,50X150,Zone E
980,1041,BCGG90,1850.0,B13174136,WR,50X150,Zone E
981,1468,BCGG99,1806.0,B13174136,WR,50X150,Zone E
982,1133,BCGE07,1746.0,B13174136,WR,50X150,Zone D
983,0619,BCGE24,1800.0,B13174136,WR,50X150,Zone D
984,0625,BCGE29,1848.0,B13174136,WR,50X150,Zone D
985,0808,BCGG78,1800.0,B13174136,WR,50X150,Zone D
986,0877,BCGG80,1764.0,B13174136,WR,50X150,Zone C
987,0472,BCGH10,1846.0,B13174136,WR,50X150,Zone D
988,1357,BCAL06,72.0,B13173946,WXA,10X30,870-3
989,0196,BCAL05,105.0,B13173948,WXA,25X100,870-5
990,0504,BcCw34,1820.0,B13175638,WI,20X50,Zone D
991,0412,BcCw33,1801.0,B13175638,WI,20X50,940
992,0836,BCCW42,1178.0,B13175638,WI,20X50,940
993,0929,BCDE19,1282.0,B13175638,WI,20X50,870-4
994,0496,BCFO92,1625.0,B13173950,CXA,4X12,870-4
995,0533,Bcfp22,1825.0,B13173950,CXA,4X12,Zone E
996,1128,Bcfp23,1811.0,B13173950,CXA,4X12,Zone E
997,1159,Bcfp24,832.0,B13173950,CXA,4X12,Zone E
998,0589,Bceg84,1886.0,B13173951,CXA,7X10,Zone E
999,0553,BCEG90,345.0,B13174993,HXA,10X30,870-4
1000,1139,BCFH85,1463.0,B13176227,AB,10X30,Zone D
1001,0631,BCEH31,1223.0,B13176228,AI,10X30,870-3
1002,1387,BCEL52,1434.0,B13176229,CRL,4X12,870-4
1003,0510,BCEL55,504.0,B13176230,CRL,7X10,870-1
1004,0848,Bcel69,1904.0,B13176231,CRL,10X30,940
1005,0401,BCFI15,1921.0,B13176232,EY,4X12,Drop for 870
1006,1173,BCFI13,1733.0,B13176232,EY,4X12,Drop for 870
1007,0707,BCEL97,590.0,B13176233,EY,7X10,870-1
1008,1463,BCEL99,431.0,B13176234,EY,10X30,870-2
1009,0927,BCFP26,1580.0,B13176235,LGN,4X12,870-2
1010,0644,BCFP28,1584.0,B13176235,LGN,4X12,Zone E
1011,0173,Bcen85,1452.0,B13176236,LGN,7X10,940
1012,0431,Bcfk65,1798.0,B13176237,LT,4X12,Zone D
1013,0936,Bcfk63,339.0,B13176237,LT,4X12,870-5
1014,1083,Bcfk75,1817.0,B13176238,LT,7X10,Zone D
1015,0122,Bcfk72,1667.0,B13176238,LT,7X10,Zone D
1016,0147,BCEJ51,1507.0,B13175968,WX,4X12,870-2
1017,0212,BCEJ53,564.0,B13175969,WX,7X10,870-1
1018,0768,Bcej32,1232.0,B13173938,NXA,4X12,870-4
1019,0067,BCGH58,2192.0,B13173939,NXA,7X10,940.4
1020,0591,BCEJ34,451.0,B13173939,NXA,7X10,870-4
1021,0872,BCBU08,1064.0,B13175954,LR,10X30,Zone A
1022,1040,Bcfa91,1736.0,B13175949,CX,4X12,870-5
1023,0057,Bcej74,1811.0,B13175950,CX,7X10,Zone E
1024,1393,Bcfe30,683.0,B13175950,CX,7X10,870-5
1025,0207,Bcej77,1077.0,B13175955,NX,4X12,870-4
1026,0528,BCFG36,1459.0,B13176387,ZAC,4X12,870-3
1027,1105,BCFG40,1265.0,B13176388,ZAC,7X10,870-1
1028,1413,BCFG45,1624.0,B13176389,ZAC,20X70,870-3
1029,1465,Bcep32,1351.0,B13176389,ZAC,20X70,870-4
1030,0773,BCFG43,1417.0,B13176389,ZAC,20X70,870-4
1031,0902,BCEP33,1432.0,B13176389,ZAC,20X70,870-3
1032,1382,Bceo97,1580.0,B13176409,1DJ,20X70,870-1
1033,0295,Bceo31,1210.0,B13173944,WXA,4X12,870-4
1034,0339,BCFQ56,1664.0,B13176784,FQ,25X100,Zone D
